{"cameraMode":{"drawMode":0,"name":"Shaded","section":"Shading Mode"},"sceneLighting":false,"audioPlay":false,"sceneViewState":{"showFog":true,"showMaterialUpdate":false,"showSkybox":false,"showFlares":true,"showImageEffects":true,"showParticleSystems":true},"in2DMode":false,"pivot":{"x":69.91785430908203,"y":-4.502223014831543,"z":1.9369374513626099},"rotation":{"x":0.5383098721504211,"y":-0.053266655653715137,"z":0.03413211554288864,"w":0.8403921723365784},"size":49.39825439453125,"orthographic":false}